"donor_name","donor_blood_group","donor_phone_number","donor_divison","donor_district","donor_city"
"Navya Kapur","A+","1713622006","Khulna","Jessore","Chandrapur"
"Madhup Ganguly","O-","1303647528","Sylhet","Sunamganj","Aurangabad"
"Samarth Hayer","O+","1709938100","Rajshahi","Naogaon","Guntakal"
"Indrajit Tripathi","AB-","1732593174","Khulna","Khulna","Haldia"
"Hridaan Swamy","A-","1725624799","Rangpur","Gaibandha","Muzaffarpur"
"Raunak Balakrishnan","A+","1783138405","Rangpur","Kurigram","Tadipatri"
"Aarush Mangal","B-","1769713757","Rangpur","Rangpur","Ujjain"
"Aaina Aggarwal","B+","1756068602","Khulna","Bagerhat","Durg"
"Divij Chad","B+","1322329894","Mymensingh","Sherpur","Belgaum"
"Suhana Sen","O-","1747165695","Barishal","Bhola","Pune"
"Sumer Vohra","A+","1317294891","Khulna","Jessore","Aurangabad"
"Kiara Choudhary","AB+","1743389118","Dhaka","Tangail","Bellary"
"Riaan Basak","A-","1891540043","Chattogram","Bandarban","Sambalpur"
"Ehsaan Bhavsar","B-","1708635286","Barishal","Jhalokati","Mehsana"
"Shlok Shere","O+","1357486495","Barishal","Bhola","Mahbubnagar"
"Himmat Madan","A-","1830596216","Barishal","Pirojpur","Gudivada"
"Kanav Badal","AB+","1376293189","Dhaka","Tangail","Karimnagar"
"Hridaan Chokshi","B+","1888933763","Barishal","Jhalokati","Mumbai"
"Veer Gulati","AB-","1800813337","Rajshahi","Naogaon","Anand"
"Bhavin Dhaliwal","B+","1767917953","Khulna","Jessore","Madurai"
"Tarini Ahuja","B+","1365272415","Sylhet","Sunamganj","Singrauli"
"Shray Loyal","O-","1358946403","Mymensingh","Jamalpur","Sambalpur"
"Charvi Kumar","B+","1758179759","Barishal","Pirojpur","Darbhanga"
"Riaan Bath","B-","1320061092","Khulna","Bagerhat","Vijayanagaram"
"Anay Tella","AB-","1760944808","Chattogram","Rangamati","Jamalpur"
"Hrishita Bhargava","B-","1874067231","Khulna","Satkhira","Berhampore"
"Myra Sunder","A-","1738087003","Khulna","Jessore","Raipur"
"Divij Dalal","B+","1761867491","Rajshahi","Pabna","Singrauli"
"Kimaya Sankar","B-","1714799572","Sylhet","Habiganj","Bhagalpur"
"Seher Bhatti","B-","1396944337","Barishal","Bhola","Patna"
"Jayesh Buch","A+","1377597048","Rangpur","Kurigram","Yamunanagar"
"Divij Kala","O-","1327859275","Rajshahi","Natore","Mumbai"
"Kiaan Goyal","AB-","1812174791","Khulna","Jessore","Akola"
"Prisha Cherian","A-","1325533688","Mymensingh","Netrokona","Darbhanga"
"Zaina Andra","B+","1795360128","Barishal","Bhola","Gudivada"
"Sumer Sule","AB+","1865392196","Khulna","Bagerhat","Ambarnath"
"Yuvaan Doshi","AB+","1846064617","Mymensingh","Netrokona","Berhampore"
"Urvi Borde","AB-","1898353966","Mymensingh","Mymensingh","Amritsar"
"Drishya Grewal","A+","1735097975","Rangpur","Dinajpur","Rewa"
"Anya Brahmbhatt","B+","1345667774","Rangpur","Kurigram","Berhampore"
"Veer Setty","AB-","1833267398","Chattogram","Rangamati","Kirari Suleman Nagar"
"Ritvik Golla","B+","1892788200","Rajshahi","Naogaon","Pimpri-Chinchwad"
"Lagan Shenoy","A+","1713898934","Dhaka","Narayanganj","Panvel"
"Jhanvi Chadha","O-","1727002148","Rangpur","Kurigram","Rohtak"
"Faiyaz Vasa","O-","1768314525","Dhaka","Tangail","Kozhikode"
"Vivaan Zacharia","A+","1860692271","Barishal","Pirojpur","Kadapa"
"Romil Master","B+","1858019210","Chattogram","Khagrachari","Panihati"
"Suhana Singhal","O+","1827612229","Khulna","Khulna","Dharmavaram"
"Dharmajan Chandran","B-","1377617289","Mymensingh","Netrokona","Nagercoil"
"Tara Bhatnagar","AB+","1342372201","Barishal","Jhalokati","Alwar"
"Vihaan Sangha","B+","1889084562","Sylhet","Sylhet","Barasat"
"Hunar Raval","O+","1303922276","Barishal","Bhola","Ambala"
"Lavanya Ray","B+","1356362023","Barishal","Jhalokati","Ramgarh"
"Gatik Ratta","A-","1773016235","Barishal","Pirojpur","Amravati"
"Aradhya Wason","B+","1399599433","Chattogram","Chattogram","Kirari Suleman Nagar"
"Eshani Saran","A+","1313470457","Rajshahi","Chapainawabganj","Bhubaneswar"
"Aayush Shere","A+","1369873484","Chattogram","Chattogram","Durg"
"Jiya Majumdar","A+","1829451609","Barishal","Pirojpur","Shivpuri"
"Yuvraj  Bobal","AB+","1804705043","Mymensingh","Jamalpur","Alwar"
"Raunak Gokhale","A+","1363745909","Rangpur","Kurigram","Karimnagar"
"Arhaan Chadha","A+","1355969883","Chattogram","Rangamati","Udaipur"
"Nirvi Hayer","A+","1399099848","Rajshahi","Natore","Patiala"
"Ishaan Mani","A-","1705186908","Khulna","Bagerhat","Ambattur"
"Romil Gera","O-","1848617084","Rajshahi","Pabna","Morena"
"Damini Chaudhary","AB+","1713202355","Dhaka","Gazipur","Sri Ganganagar"
"Pari Balan","O-","1355437661","Rangpur","Rangpur","Purnia"
"Prisha Hari","A-","1795171480","Dhaka","Gazipur","Gwalior"
"Neysa Thakur","B+","1808259283","Dhaka","Tangail","Amroha"
"Amani Khalsa","AB+","1302050224","Mymensingh","Netrokona","Thoothukudi"
"Mehul Yogi","AB-","1798979146","Sylhet","Moulvibazar","Durg"
"Aaryahi Buch","B+","1300421014","Dhaka","Tangail","Ranchi"
"Akarsh Gara","B-","1890718696","Barishal","Pirojpur","Bongaigaon"
"Gokul Tank","AB-","1878393180","Mymensingh","Sherpur","Jaunpur"
"Ranbir Thakkar","O-","1362694020","Rangpur","Gaibandha","Ghaziabad"
"Alisha Lanka","A-","1387581336","Barishal","Bhola","Jalandhar"
"Biju Chopra","A-","1724043708","Barishal","Barishal","Deoghar"
"Anay Kamdar","A+","1755152406","Dhaka","Kishoreganj","Sonipat"
"Aayush Rama","O-","1895401558","Mymensingh","Sherpur","Aurangabad"
"Samarth Kohli","B+","1817232228","Dhaka","Manikganj","Jabalpur"
"Taran Chander","AB+","1752684108","Barishal","Barishal","Satna"
"Drishya Tata","AB-","1819071373","Dhaka","Kishoreganj","Hyderabad"
"Nitya Hans","O+","1390709917","Barishal","Barishal","Gudivada"
"Sahil Wali","O+","1896755721","Khulna","Satkhira","Raiganj"
"Drishya Guha","AB-","1379622662","Mymensingh","Mymensingh","Burhanpur"
"Indranil Ramakrishnan","B+","1379447016","Khulna","Jessore","Sultan Pur Majra"
"Navya Ganesan","AB+","1775805318","Rajshahi","Natore","Muzaffarpur"
"Prerak Ahluwalia","O-","1842738910","Mymensingh","Sherpur","Amravati"
"Heer Gokhale","B-","1881647238","Rangpur","Gaibandha","Agartala"
"Siya Rajagopal","O-","1721257935","Barishal","Pirojpur","Coimbatore"
"Manjari Garg","AB+","1872471951","Dhaka","Kishoreganj","Motihari"
"Sana Saxena","O-","1765086543","Dhaka","Narayanganj","Phagwara"
"Gatik Iyengar","O+","1880167282","Rajshahi","Natore","Tiruchirappalli"
"Heer Char","B+","1889080349","Chattogram","Rangamati","Haldia"
"Yakshit Talwar","O-","1317002384","Rangpur","Gaibandha","Chittoor"
"Dhanuk Seshadri","AB+","1740827253","Chattogram","Bandarban","Katni"
"Rasha Bala","A+","1363625720","Mymensingh","Jamalpur","Raurkela Industrial Township"
"Nakul Shenoy","B+","1812949411","Mymensingh","Mymensingh","Sagar"
"Purab Kibe","B-","1307078608","Rajshahi","Rajshahi","Gwalior"
"Misha Upadhyay","AB+","1880621280","Mymensingh","Netrokona","Faridabad"
"Indrajit Sunder","O-","1883810476","Barishal","Jhalokati","Miryalaguda"
"Dhanuk Shukla","O-","1889214104","Sylhet","Sunamganj","Mahbubnagar"
"Ojas Tara","AB+","1850476892","Barishal","Bhola","Gangtok"
"Veer Deshmukh","B+","1744731557","Barishal","Barishal","Agra"
"Khushi Seth","B-","1892348626","Mymensingh","Netrokona","Hazaribagh"
"Akarsh Subramaniam","B-","1398580952","Rajshahi","Naogaon","Bulandshahr"
"Ishaan Kashyap","O-","1824758063","Rajshahi","Chapainawabganj","Mysore"
"Jivika Luthra","B-","1828052819","Chattogram","Rangamati","Ujjain"
"Zain Johal","O-","1300209817","Chattogram","Rangamati","Ballia"
"Stuvan Jhaveri","O-","1892111930","Mymensingh","Mymensingh","Orai"
"Aarush Dash","A-","1388679453","Rangpur","Gaibandha","Tumkur"
"Samar Mani","O+","1745954608","Rajshahi","Natore","Katni"
"Diya Walia","AB-","1739489845","Sylhet","Sylhet","Gulbarga"
"Sara Chakraborty","O-","1809750699","Rajshahi","Pabna","Noida"
"Aaryahi Tripathi","A+","1719812603","Rangpur","Rangpur","Karimnagar"
"Raunak Kade","O-","1331998835","Rangpur","Kurigram","Anantapuram"
"Elakshi Chander","A+","1871916895","Rajshahi","Natore","Udupi"
"Raghav Ramakrishnan","A+","1332527878","Chattogram","Bandarban","Aurangabad"
"Abram Borah","B+","1307018272","Barishal","Jhalokati","Jammu"
"Divit Malhotra","B+","1843201150","Chattogram","Bandarban","Thrissur"
"Prerak Chand","AB+","1348963661","Sylhet","Habiganj","Siliguri"
"Anahita Soni","A-","1746883102","Mymensingh","Mymensingh","Amaravati"
"Nirvaan Gala","O-","1885757535","Chattogram","Cox's Bazar","Patna"
"Hansh Issac","B+","1888963894","Rajshahi","Naogaon","Suryapet"
"Mannat Choudhry","A+","1895087386","Khulna","Satkhira","Rampur"
"Suhana Bava","O+","1794339061","Barishal","Jhalokati","Firozabad"
"Saira Dada","AB+","1387341327","Sylhet","Moulvibazar","Saharanpur"
"Pranay Kala","AB-","1788621650","Chattogram","Chattogram","Ghaziabad"
"Shanaya Ramanathan","O+","1702716319","Sylhet","Sunamganj","Jamnagar"
"Renee Seshadri","O-","1796789223","Barishal","Pirojpur","Kamarhati"
"Bhavin Shenoy","AB-","1340354769","Dhaka","Manikganj","Davanagere"
"Urvi Garg","B+","1889653018","Dhaka","Narayanganj","Motihari"
"Ayesha Choudhury","B-","1861767562","Rangpur","Rangpur","Amritsar"
"Indrans Chaudhuri","O+","1323253544","Chattogram","Bandarban","Deoghar"
"Zain Rege","AB-","1889205122","Khulna","Satkhira","Baranagar"
"Uthkarsh Chana","AB-","1351701551","Barishal","Bhola","Muzaffarnagar"
"Nirvi Goda","B-","1300138050","Mymensingh","Sherpur","Ulhasnagar"
"Indrans Ramanathan","A+","1858298060","Chattogram","Rangamati","Kadapa"
"Advik Dixit","B-","1791642618","Mymensingh","Mymensingh","Ramgarh"
"Saanvi Sankaran","A-","1805193181","Khulna","Khulna","Dehri"
"Suhana Keer","O+","1867988985","Barishal","Barishal","Kamarhati"
"Krish Koshy","AB-","1311325569","Rajshahi","Naogaon","Tiruchirappalli"
"Pari Ravel","AB+","1768617783","Rangpur","Rangpur","Hubliâ€“Dharwad"
"Jivika Jayaraman","AB+","1850857402","Khulna","Jessore","Rewa"
"Zaina Kala","B-","1834602859","Khulna","Jessore","Sikar"
"Ira Balan","O-","1707197789","Chattogram","Chattogram","Bhind"
"Inaaya  Jain","AB+","1889750294","Dhaka","Dhaka","Giridih"
"Uthkarsh Dugar","B+","1337826342","Sylhet","Moulvibazar","Buxar"
"Mohanlal Singhal","O-","1863819607","Khulna","Khulna","Thiruvananthapuram"
"Zara Dar","AB-","1897986305","Khulna","Khulna","Korba"
"Suhana Iyer","O-","1800447048","Chattogram","Bandarban","Bally"
"Biju Mani","A-","1783504927","Barishal","Bhola","Karimnagar"
"Nayantara Sami","O+","1765181801","Mymensingh","Netrokona","Pudukkottai"
"Rati Ramesh","A+","1811055423","Khulna","Khulna","Kirari Suleman Nagar"
"Azad Saxena","B-","1753941635","Dhaka","Tangail","Imphal"
"Madhav Shanker","AB-","1839826922","Rajshahi","Naogaon","Jamnagar"
"Aarush Sibal","O-","1349290505","Dhaka","Gazipur","Patna"
"Mohanlal Malhotra","AB-","1738412918","Rangpur","Kurigram","Madurai"
"Darshit Jhaveri","B+","1824791646","Rajshahi","Pabna","Nangloi Jat"
"Fateh Savant","O+","1338424906","Mymensingh","Sherpur","Bhagalpur"
"Vritika Sarraf","A+","1390416627","Dhaka","Manikganj","Bhiwani"
"Miraan Chandra","A+","1750537350","Khulna","Khulna","Kota"
"Indranil Vaidya","AB-","1714824105","Chattogram","Khagrachari","Kurnool"
"Damini Bhat","A+","1721290131","Barishal","Jhalokati","Parbhani"
"Ahana  Taneja","A+","1327267011","Dhaka","Narayanganj","Bhiwandi"
"Ishita Dyal","O+","1881292953","Mymensingh","Jamalpur","Pali"
"Lavanya Bal","B+","1830715659","Sylhet","Sylhet","Guntakal"
"Inaaya  Sheth","O+","1796096380","Rajshahi","Naogaon","Saharanpur"
"Madhup Arya","A-","1767298206","Dhaka","Manikganj","Tirupati"
"Vivaan Chandran","B-","1304713284","Khulna","Bagerhat","Rajahmundry"
"Gokul Varkey","O-","1366463331","Chattogram","Khagrachari","Tumkur"
"Sana Joshi","B+","1798164542","Rajshahi","Pabna","Jodhpur"
"Inaaya  Date","AB+","1826070770","Rangpur","Dinajpur","Bilaspur"
"Anahi Sinha","B+","1834006281","Barishal","Jhalokati","Indore"
"Renee Vala","A+","1834236096","Rajshahi","Natore","Bhilai"
"Zaina Chopra","A-","1376390306","Khulna","Satkhira","Nagercoil"
"Advika Sodhi","A-","1331383818","Khulna","Khulna","Dibrugarh"
"Anya Balakrishnan","B-","1391174847","Dhaka","Kishoreganj","Secunderabad"
"Umang Rana","AB+","1373160659","Dhaka","Tangail","Indore"
"Fateh Chahal","AB-","1888975584","Khulna","Satkhira","Ludhiana"
"Hazel Ravel","B+","1306613252","Barishal","Pirojpur","Ramagundam"
"Anay Rattan","A+","1859269424","Barishal","Jhalokati","Aizawl"
"Vedika Grewal","B-","1780788364","Rangpur","Dinajpur","Sambhal"
"Indrans Dara","O+","1700378633","Barishal","Barishal","Jhansi"
"Jayesh Ganesh","O+","1328582642","Rangpur","Kurigram","Mumbai"
"Hazel Banerjee","AB-","1779414103","Sylhet","Sunamganj","Ambattur"
"Amani Kala","B+","1854240876","Chattogram","Rangamati","Kharagpur"
"Vedika Aggarwal","B-","1369383758","Mymensingh","Netrokona","Gaya"
"Aniruddh Aurora","A+","1347912598","Rajshahi","Natore","Gandhidham"
"Gatik Swamy","B+","1880233802","Barishal","Jhalokati","Muzaffarpur"
"Urvi Dash","A+","1303756676","Chattogram","Khagrachari","Ambattur"
"Riya Banerjee","A+","1350954071","Rajshahi","Chapainawabganj","Anand"
"Dhruv Sibal","B+","1773132787","Mymensingh","Jamalpur","Farrukhabad"
"Taran Bhargava","A+","1897705506","Rajshahi","Chapainawabganj","Kota"
"Amira Sodhi","AB-","1398814981","Dhaka","Manikganj","Bhind"
"Diya Dass","A-","1737170545","Mymensingh","Netrokona","Patna"
"Tejas Yadav","A-","1327363504","Rangpur","Dinajpur","Allahabad"
"Mannat Gara","O-","1397167528","Dhaka","Narayanganj","Maheshtala"
"Indrans Sibal","B+","1318874172","Rangpur","Rangpur","Faridabad"
"Neelofar Dave","B-","1843687369","Khulna","Khulna","Chittoor"
"Lakshit Ben","B-","1317416626","Sylhet","Moulvibazar","Mango"
"Gatik Dass","AB+","1755454929","Barishal","Bhola","Bidhannagar"
"Nakul Lala","A-","1856286526","Mymensingh","Mymensingh","Khandwa"
"Stuvan Gopal","O+","1337417005","Mymensingh","Jamalpur","Ballia"
"Saanvi Thakkar","B-","1352945099","Barishal","Pirojpur","Siwan"
"Zeeshan Sridhar","AB+","1387168613","Sylhet","Moulvibazar","Latur"
"Yakshit Bhatnagar","B+","1732987492","Rajshahi","Natore","South Dumdum"
"Nirvaan Ravel","AB-","1337255383","Dhaka","Tangail","Karawal Nagar"
"Alia Baria","B+","1863077688","Khulna","Jessore","Rohtak"
"Rania Edwin","AB-","1330836054","Chattogram","Rangamati","Chennai"
"Bhavin Dada","B+","1744019792","Chattogram","Khagrachari","Rajkot"
"Nishith Varghese","A-","1740993025","Sylhet","Sylhet","Bharatpur"
"Raghav Dara","AB-","1874996236","Rangpur","Kurigram","Tirunelveli"
"Raghav Sha","A+","1383287076","Mymensingh","Netrokona","Gorakhpur"
"Vidur Ray","B+","1883441729","Rajshahi","Natore","Anand"
"Hansh Sridhar","A+","1872935362","Rangpur","Gaibandha","Sagar"
"Samarth Edwin","O-","1740939100","Rajshahi","Natore","Warangal"
"Adah Jhaveri","A+","1812756047","Chattogram","Bandarban","Yamunanagar"
"Tanya Rout","O+","1848628588","Rajshahi","Pabna","Hajipur"
"Tarini Seth","O-","1751213520","Khulna","Khulna","Delhi"
"Tiya Bhagat","AB+","1778895695","Barishal","Pirojpur","Tinsukia"
"Mohanlal Viswanathan","B+","1809662894","Rangpur","Dinajpur","Raichur"
"Tara Shere","AB-","1754746887","Rangpur","Kurigram","Bhavnagar"
"Pari Mand","AB-","1782899172","Khulna","Satkhira","Kadapa"
"Nishith Hayer","O-","1349880941","Dhaka","Narayanganj","Katni"
"Rohan Hegde","A+","1787732747","Rangpur","Kurigram","Karaikudi"
"Mehul Dutt","B-","1331080531","Khulna","Jessore","Dhanbad"
"Hridaan Kata","O-","1301011029","Rangpur","Dinajpur","Rampur"
"Shanaya Baral","A-","1373554006","Rajshahi","Naogaon","Vasai-Virar"
"Ira Hans","B-","1322675967","Khulna","Jessore","Moradabad"
"Akarsh Buch","O+","1771683888","Rajshahi","Naogaon","Madanapalle"
"Kiaan Vyas","O+","1803898146","Chattogram","Bandarban","Kollam"
"Shayak Chander","AB-","1382912488","Barishal","Pirojpur","Tiruchirappalli"
"Mohanlal Hans","O+","1380768345","Sylhet","Sylhet","Silchar"
"Miraya Sachdeva","A-","1884940906","Mymensingh","Jamalpur","Bally"
"Manikya Thakkar","B-","1840520662","Chattogram","Bandarban","Muzaffarnagar"
"Hunar Karan","A-","1359655504","Khulna","Jessore","Nadiad"
"Emir Apte","O+","1354877636","Khulna","Jessore","Bidar"
"Madhav Krish","O-","1879481989","Barishal","Pirojpur","Raurkela Industrial Township"
"Divij Sheth","A-","1835507974","Mymensingh","Sherpur","Fatehpur"
"Veer Banik","A-","1388224865","Khulna","Khulna","Giridih"
"Parinaaz Deo","B-","1804506157","Sylhet","Sylhet","Siliguri"
"Kaira Soman","O-","1385018692","Sylhet","Sunamganj","Guwahati"
"Onkar Sankar","AB+","1744990806","Dhaka","Narayanganj","Panipat"
"Reyansh Dhingra","B+","1377034952","Sylhet","Sylhet","Rourkela"
"Anaya Singhal","AB+","1844926156","Khulna","Jessore","Jalna"
"Anay Talwar","AB+","1836253053","Dhaka","Dhaka","Nangloi Jat"
"Misha Bava","A-","1715090262","Khulna","Jessore","Mathura"
"Aarna Hans","AB-","1774755529","Rangpur","Dinajpur","Sultan Pur Majra"
"Ryan Ganesh","O+","1720327121","Rangpur","Kurigram","Raichur"
"Indrans Gaba","A-","1843864517","Mymensingh","Mymensingh","Bhilai"
"Nishith Ghose","AB-","1395959141","Mymensingh","Jamalpur","Delhi"
"Nishith Som","B+","1320868741","Chattogram","Cox's Bazar","Bareilly"
"Misha Gade","AB-","1335241716","Rajshahi","Naogaon","Tadepalligudem"
"Lakshit Sankar","A-","1317008099","Sylhet","Sylhet","Gangtok"
"Piya Mani","B+","1379482909","Rangpur","Gaibandha","Ahmedabad"
"Anahita Saini","A-","1304785468","Khulna","Jessore","Hindupur"
"Shray Bhardwaj","AB-","1728889429","Dhaka","Manikganj","Dehradun"
"Amani Hari","AB+","1803955253","Barishal","Bhola","Haridwar"
"Bhavin Kala","O+","1374041740","Rajshahi","Natore","Solapur"
"Saksham Dada","O+","1792823726","Rajshahi","Naogaon","Ongole"
"Amira Wali","A-","1304500261","Rajshahi","Pabna","Gwalior"
"Jivin Hayer","AB+","1310147441","Mymensingh","Mymensingh","Ramagundam"
"Aaina Ratta","AB-","1800657828","Khulna","Bagerhat","Pondicherry"
"Advik Soman","B+","1764790713","Sylhet","Habiganj","Aligarh"
"Reyansh Malhotra","A-","1883401802","Khulna","Khulna","Ongole"
"Aradhya Dora","O-","1705598946","Barishal","Jhalokati","Deoghar"
"Vidur Bhatti","B-","1858736471","Khulna","Bagerhat","Sirsa"
"Vanya Ramesh","B-","1798177732","Khulna","Jessore","Khora "
"Anaya Ramakrishnan","O+","1789089038","Rajshahi","Pabna","Ranchi"
"Saksham Mahajan","A+","1854895390","Khulna","Satkhira","Ahmednagar"
"Kiaan Bava","B+","1868606345","Rangpur","Gaibandha","Mysore"
"Gatik Kadakia","AB-","1356579163","Mymensingh","Netrokona","Ahmedabad"
"Saira Shan","O-","1356896239","Mymensingh","Jamalpur","Sikar"
"Anya Chaudhuri","AB-","1398820230","Dhaka","Narayanganj","Kottayam"
"Yashvi Anand","AB+","1846963949","Chattogram","Cox's Bazar","Tiruchirappalli"
"Vihaan Kumar","A+","1343151154","Rajshahi","Naogaon","Tiruvottiyur"
"Kanav Talwar","AB+","1395359610","Rajshahi","Rajshahi","Jalna"
"Ranbir Lal","A+","1714825020","Rangpur","Dinajpur","Bhimavaram"
"Mannat Bajaj","O-","1816903074","Rangpur","Kurigram","Gwalior"
"Aaryahi Som","A-","1839820586","Sylhet","Habiganj","Ichalkaranji"
"Manjari Gera","B+","1757692956","Chattogram","Khagrachari","Deoghar"
"Jiya Sunder","A+","1323216074","Khulna","Bagerhat","Tenali"
"Zaina Deep","A-","1370472763","Rajshahi","Chapainawabganj","Bhatpara"
"Hazel Rana","B+","1302718980","Khulna","Satkhira","Dehri"
"Tejas Sheth","A+","1327470000","Barishal","Jhalokati","Ballia"
"Reyansh Hans","A-","1731930360","Khulna","Bagerhat","Thrissur"
"Onkar Kara","AB+","1398128366","Mymensingh","Jamalpur","Baranagar"
"Yashvi Ramanathan","B+","1799660114","Barishal","Jhalokati","Durg"
"Jivika Hegde","O-","1706887967","Dhaka","Dhaka","Tinsukia"
"Aayush Deshmukh","AB+","1888965659","Rajshahi","Pabna","Hospet"
"Kartik Jaggi","A+","1322365839","Mymensingh","Mymensingh","Hosur"
"Aayush Sheth","A+","1770988982","Sylhet","Moulvibazar","Nangloi Jat"
"Kavya Edwin","B+","1838956468","Sylhet","Habiganj","Narasaraopet"
"Amira Uppal","O+","1708349808","Mymensingh","Jamalpur","Vijayanagaram"
"Hazel Baral","A-","1842682090","Rajshahi","Naogaon","Rampur"
"Inaaya  Kar","O-","1740291640","Dhaka","Narayanganj","Anand"
"Nitya Sachdeva","AB-","1355740723","Barishal","Barishal","Ozhukarai"
"Divit Raju","AB+","1799764439","Rajshahi","Naogaon","Cuttack"
"Ojas Jayaraman","A+","1715407819","Chattogram","Khagrachari","Vijayawada"
"Pranay Badami","O+","1756126791","Chattogram","Khagrachari","Rampur"
"Ojas Rau","AB+","1705485258","Khulna","Jessore","Madanapalle"
"Amani Zacharia","O+","1764383879","Khulna","Satkhira","Bhagalpur"
"Samaira Desai","O-","1331955462","Dhaka","Narayanganj","Srinagar"
"Rasha Bail","B+","1873739576","Rajshahi","Rajshahi","Amaravati"
"Prisha Bhalla","B-","1825891611","Barishal","Bhola","Cuttack"
"Rasha Solanki","O+","1363666637","Sylhet","Sunamganj","Gudivada"
"Mahika Magar","B+","1885161519","Sylhet","Sunamganj","Medininagar"
"Kaira Rege","B+","1772267978","Sylhet","Sylhet","Panihati"
"Armaan Kakar","AB+","1320613230","Rajshahi","Natore","Gangtok"
"Keya Sen","B+","1736992824","Rajshahi","Natore","Rajkot"
"Samar Sridhar","O-","1833552247","Barishal","Pirojpur","Nizamabad"
"Riaan Randhawa","AB-","1395551432","Dhaka","Narayanganj","Rajpur Sonarpur"
"Hunar Chawla","B-","1393056209","Barishal","Jhalokati","Bareilly"
"Hazel Kar","A-","1357417344","Rajshahi","Rajshahi","Bhind"
"Taimur Sarraf","A-","1767813377","Mymensingh","Sherpur","Kavali"
"Darshit Babu","B-","1373709152","Dhaka","Manikganj","Gudivada"
"Nakul Jain","B-","1315378698","Sylhet","Habiganj","Allahabad"
"Aayush Ratta","AB+","1341607071","Sylhet","Sunamganj","Amroha"
"Mohanlal Ganesh","O+","1776878350","Khulna","Khulna","Vasai-Virar"
"Saira Loyal","B-","1354082989","Khulna","Khulna","Sangli-Miraj & Kupwad"
"Madhup Chauhan","O+","1757924524","Dhaka","Gazipur","Ramagundam"
"Miraan Chakrabarti","O+","1892549947","Dhaka","Narayanganj","Ujjain"
"Devansh Barman","B-","1891362731","Mymensingh","Netrokona","Mau"
"Vardaniya Gill","B-","1705628998","Mymensingh","Mymensingh","Medininagar"
"Priyansh Savant","O-","1337613119","Dhaka","Dhaka","Dharmavaram"
"Yuvaan Korpal","B+","1841071351","Barishal","Pirojpur","Ambattur"
"Damini Wali","AB-","1311215827","Dhaka","Dhaka","Berhampur"
"Prisha Upadhyay","B+","1327349450","Sylhet","Sunamganj","Belgaum"
"Anay Chauhan","O-","1750094293","Chattogram","Bandarban","Tiruchirappalli"
"Riaan Manne","AB-","1786242967","Khulna","Jessore","Kadapa"
"Rohan Tank","O+","1749832475","Mymensingh","Netrokona","Medininagar"
"Zoya Rout","AB+","1772679643","Barishal","Jhalokati","Tirupati"
"Anvi Kalla","A-","1852687441","Sylhet","Sunamganj","Rajpur Sonarpur"
"Yakshit Yogi","A-","1703425675","Mymensingh","Sherpur","Purnia"
"Trisha Gokhale","B+","1829872168","Sylhet","Moulvibazar","Pondicherry"
"Vedika Khatri","B+","1381487282","Sylhet","Sylhet","Jalgaon"
"Ayesha Sandhu","A+","1762377718","Mymensingh","Mymensingh","Tadipatri"
"Tiya Balay","A-","1823612207","Chattogram","Cox's Bazar","Kollam"
"Keya Handa","B-","1859426766","Rajshahi","Rajshahi","Mangalore"
"Piya Bali","B-","1302242546","Barishal","Pirojpur","Pali"
"Ira Arora","AB+","1728449245","Dhaka","Dhaka","Alappuzha"
"Devansh Char","B-","1880750031","Rajshahi","Pabna","Bhiwani"
"Amani Srivastava","A-","1360411224","Sylhet","Habiganj","Khora "
"Kismat Seth","O+","1315190995","Dhaka","Tangail","Mira-Bhayandar"
"Jiya Varty","A+","1827606686","Barishal","Barishal","Chandigarh"
"Akarsh Lal","A-","1871307560","Khulna","Jessore","Siliguri"
"Parinaaz Sarin","A-","1800907351","Barishal","Barishal","Howrah"
"Lakshit Chacko","O-","1775975102","Barishal","Barishal","Maheshtala"
"Vidur Samra","B-","1758941105","Mymensingh","Mymensingh","Mira-Bhayandar"
"Pari Thakur","O-","1367531130","Mymensingh","Sherpur","Gandhinagar"
"Ryan Dhawan","A+","1732465013","Rangpur","Dinajpur","Pudukkottai"
"Inaaya  Issac","B+","1892268768","Dhaka","Gazipur","Kolhapur"
"Emir Korpal","AB-","1891853472","Sylhet","Sylhet","Ujjain"
"Kismat Ray","AB+","1311939531","Chattogram","Cox's Bazar","Guwahati"
"Ivana Desai","A-","1388572325","Dhaka","Kishoreganj","Secunderabad"
"Vritika Sehgal","AB+","1394301438","Dhaka","Narayanganj","Ratlam"
"Renee Batta","B+","1730942662","Rajshahi","Naogaon","Bilaspur"
"Manikya Kapadia","AB-","1856330944","Rajshahi","Pabna","Mango"
"Damini Badal","A+","1765840011","Mymensingh","Sherpur","Proddatur"
"Lakshit Reddy","B-","1881147231","Dhaka","Dhaka","Nellore"
"Uthkarsh Lanka","AB-","1888179944","Rajshahi","Pabna","Bihar Sharif"
"Lakshay Kalita","A-","1375439059","Barishal","Jhalokati","Kishanganj"
"Samaira Mall","AB-","1396578917","Khulna","Satkhira","Nellore"
"Onkar Tailor","AB+","1376945387","Chattogram","Rangamati","Khandwa"
"Ojas Dada","AB-","1831356665","Mymensingh","Sherpur","Vadodara"
"Inaaya  Manda","B+","1353482298","Rangpur","Gaibandha","Giridih"
"Charvi Vaidya","B-","1311195187","Sylhet","Moulvibazar","Kadapa"
"Raunak Lalla","AB+","1386189323","Sylhet","Sunamganj","Mehsana"
"Kavya Som","AB-","1786860052","Chattogram","Rangamati","Kochi"
"Zeeshan Raj","O-","1836068445","Rajshahi","Chapainawabganj","Bhatpara"
"Mamooty Gandhi","B-","1746520858","Khulna","Satkhira","Khora "
"Divij Choudhury","O-","1832208175","Khulna","Bagerhat","Erode"
"Arhaan Dubey","O+","1770214133","Sylhet","Moulvibazar","Howrah"
"Umang Kapur","B+","1727753206","Rangpur","Kurigram","Morbi"
"Ritvik Deshpande","AB-","1792709438","Khulna","Bagerhat","Rajahmundry"
"Ahana  Ramaswamy","O+","1767121281","Rajshahi","Natore","Akola"
"Gatik Deshmukh","B-","1892534432","Khulna","Jessore","Guntakal"
"Indrans Batta","A-","1372924698","Mymensingh","Netrokona","Nashik"
"Lavanya Rege","B+","1353763592","Mymensingh","Mymensingh","Farrukhabad"
"Reyansh Bhavsar","O+","1848807306","Khulna","Jessore","Haldia"
"Charvi Garde","B-","1717980220","Khulna","Khulna","Agra"
"Kaira Batra","AB-","1320432648","Sylhet","Sunamganj","Bhilai"
"Ishaan Badal","B+","1363628574","Mymensingh","Mymensingh","Mathura"
"Myra Bobal","AB-","1845849489","Chattogram","Chattogram","Kochi"
"Pranay Anne","B+","1818532996","Khulna","Bagerhat","Aizawl"
"Kartik Mangat","A+","1890431787","Barishal","Barishal","Noida"
"Rasha Thakkar","A+","1394708422","Dhaka","Narayanganj","Rewa"
"Jhanvi Kari","B-","1308743361","Dhaka","Dhaka","Ongole"
"Samaira Khosla","A-","1306023209","Chattogram","Khagrachari","Solapur"
"Aaina Mall","B-","1341512891","Khulna","Khulna","Chandrapur"
"Ivan Aggarwal","B+","1710598048","Barishal","Pirojpur","Chinsurah"
"Piya Mane","A-","1306005492","Barishal","Barishal","Jalgaon"
"Navya Khosla","B-","1844479914","Dhaka","Narayanganj","Shivpuri"
"Tushar Gour","A+","1891763706","Dhaka","Tangail","Dhanbad"
"Vihaan Badal","B-","1808362694","Rangpur","Rangpur","Ambala"
"Nirvi Batra","A-","1363190733","Khulna","Bagerhat","Navi Mumbai"
"Yakshit Issac","B-","1399878791","Sylhet","Habiganj","Bhatpara"
"Rhea Andra","A+","1777525587","Khulna","Satkhira","Raurkela Industrial Township"
"Yasmin Varghese","B+","1843541613","Dhaka","Manikganj","Cuttack"
"Oorja Bakshi","O-","1317960742","Barishal","Jhalokati","Secunderabad"
"Jiya Doctor","O+","1326146288","Dhaka","Tangail","Rampur"
"Bhavin Kamdar","AB+","1330725392","Mymensingh","Jamalpur","Cuttack"
"Jayant Hayre","A-","1852211147","Rangpur","Gaibandha","Tiruchirappalli"
"Misha Dua","B+","1850946601","Rangpur","Kurigram","Shahjahanpur"
"Kashvi Setty","A-","1848717636","Rangpur","Dinajpur","Sagar"
"Ira Chander","AB-","1793701921","Rangpur","Kurigram","Nagpur"
"Myra Varkey","O-","1816411395","Rajshahi","Naogaon","Orai"
"Gatik Dugar","B-","1706332034","Dhaka","Tangail","Junagadh"
"Samiha Kota","A-","1326605013","Barishal","Barishal","Jalandhar"
"Umang Banerjee","A-","1335905448","Dhaka","Dhaka","Ambarnath"
"Aarush Majumdar","O+","1708506363","Barishal","Jhalokati","Anantapuram"
"Adah Bir","O+","1894030623","Rangpur","Gaibandha","Amritsar"
"Anay Sengupta","A-","1864048520","Barishal","Barishal","Raipur"
"Nitya Rajagopalan","A+","1809112300","Chattogram","Rangamati","Surat"
"Mehul Sant","A+","1789727799","Sylhet","Moulvibazar","Nanded"
"Chirag Varughese","O+","1838521007","Barishal","Barishal","Kalyan-Dombivli"
"Vedika Dube","A+","1720760149","Barishal","Jhalokati","Khandwa"
"Kismat Kade","A-","1706260354","Sylhet","Sunamganj","Visakhapatnam"
"Parinaaz Lal","O+","1351630869","Rajshahi","Natore","Narasaraopet"
"Shamik Tella","AB-","1877921506","Chattogram","Bandarban","Ambattur"
"Drishya Sunder","O-","1890187892","Barishal","Bhola","Malegaon"
"Parinaaz Tripathi","A-","1744934951","Sylhet","Sylhet","Phagwara"
"Madhav Sha","B+","1767051170","Chattogram","Bandarban","Bhagalpur"
"Manjari Dhawan","O+","1399840885","Khulna","Bagerhat","Rajahmundry"
"Hiran Bobal","B+","1788159925","Rangpur","Rangpur","Kochi"
"Dhanuk Madan","AB+","1876485807","Rangpur","Kurigram","Gandhidham"
"Vivaan Keer","AB+","1372749363","Sylhet","Sylhet","Miryalaguda"
"Yuvraj  Chaudhari","AB+","1364659534","Barishal","Pirojpur","Agra"
"Advika Viswanathan","AB-","1333341240","Dhaka","Manikganj","Ratlam"
"Saksham Dass","AB-","1341888153","Rangpur","Kurigram","Madanapalle"
"Amira Sarin","A+","1751970649","Barishal","Bhola","Rewa"
"Pihu Date","O-","1892940461","Khulna","Jessore","Ambattur"
"Yuvaan Chakrabarti","AB+","1392440576","Barishal","Jhalokati","Srikakulam"
"Jayan Mangat","O+","1393887160","Rangpur","Rangpur","Navi Mumbai"
"Zain Swamy","B-","1325929734","Rajshahi","Chapainawabganj","Sultan Pur Majra"
"Priyansh Kulkarni","AB-","1312541865","Mymensingh","Netrokona","Mehsana"
"Faiyaz Bose","AB+","1826901187","Mymensingh","Netrokona","Bilaspur"
"Shanaya Dayal","O+","1302130309","Chattogram","Chattogram","Thane"
"Hridaan Karan","AB-","1331162370","Barishal","Barishal","Kozhikode"
"Nitara Vora","B-","1826860808","Chattogram","Bandarban","Suryapet"
"Yasmin Sehgal","AB-","1883431537","Chattogram","Rangamati","Moradabad"
"Drishya Krishnamurthy","O+","1301891091","Sylhet","Habiganj","Durg"
"Hridaan Gera","A-","1361800591","Rangpur","Gaibandha","Chandigarh"
"Zain Sastry","AB+","1839295693","Dhaka","Dhaka","Jodhpur"
"Indrajit Bala","A+","1704045975","Rangpur","Kurigram","Navi Mumbai"
"Aradhya Chahal","A+","1820138601","Chattogram","Khagrachari","Nagaon"
"Biju Madan","A+","1302386465","Rajshahi","Pabna","Latur"
"Dharmajan Jani","AB+","1820831445","Dhaka","Kishoreganj","Jalgaon"
"Nishith Taneja","O+","1799432226","Chattogram","Rangamati","Thrissur"
"Shray Sethi","B+","1817984091","Sylhet","Sunamganj","Silchar"
"Damini Venkatesh","B+","1744765868","Chattogram","Bandarban","Jalgaon"
"Advik Dey","B-","1748375380","Sylhet","Moulvibazar","Etawah"
"Stuvan Dewan","AB-","1318597477","Mymensingh","Jamalpur","Bongaigaon"
"Pranay Hayer","AB+","1324119686","Chattogram","Khagrachari","Bhiwandi"
"Arhaan Bedi","O+","1845267602","Dhaka","Kishoreganj","Varanasi"
"Mehul Choudhury","B+","1813196675","Rangpur","Dinajpur","Bhalswa Jahangir Pur"
"Jayesh Goel","B+","1880298728","Khulna","Khulna","Ahmedabad"
"Devansh Suresh","B-","1325303861","Dhaka","Manikganj","Nandyal"
"Anay Dugal","B+","1790362129","Barishal","Jhalokati","Chinsurah"
"Anvi Badami","O+","1844493566","Dhaka","Dhaka","Morbi"
"Veer Goswami","O+","1703357867","Rangpur","Kurigram","Bareilly"
"Pranay Bhatt","A+","1892346878","Dhaka","Gazipur","Solapur"
"Prisha Mangal","B-","1370498857","Rangpur","Rangpur","Panipat"
"Khushi Chandra","AB+","1300006594","Rangpur","Kurigram","Mathura"
"Krish Lala","O-","1898793126","Rajshahi","Chapainawabganj","Kota"
"Rati Mani","A-","1345506986","Chattogram","Rangamati","Sagar"
"Saanvi Subramaniam","B+","1861599901","Sylhet","Habiganj","Srinagar"
"Kartik Handa","AB+","1728061605","Dhaka","Gazipur","Rajahmundry"
"Siya Chandran","A-","1826489764","Rajshahi","Pabna","Dhule"
"Hiran Kale","A+","1331450758","Chattogram","Chattogram","Kalyan-Dombivli"
"Mohanlal Sarraf","B+","1886995667","Dhaka","Dhaka","Sasaram"
"Sahil Goswami","O+","1859837694","Dhaka","Dhaka","Bhiwani"
"Neelofar Das","A+","1842975335","Barishal","Barishal","Visakhapatnam"
"Sara Grewal","B+","1353944258","Mymensingh","Mymensingh","Shimla"
"Priyansh Manda","B+","1759557284","Khulna","Khulna","Anantapuram"
"Madhup Krishnan","O-","1711983896","Sylhet","Sunamganj","Kumbakonam"
"Heer Kamdar","A+","1365413077","Dhaka","Dhaka","South Dumdum"
"Kashvi Bawa","B+","1760303777","Barishal","Jhalokati","Nellore"
"Trisha Kulkarni","AB-","1790705513","Khulna","Khulna","Hyderabad"
"Vidur Dhillon","O+","1894328820","Barishal","Barishal","Tumkur"
"Vihaan Sood","O-","1722452413","Khulna","Satkhira","Baranagar"
"Mamooty Kuruvilla","AB+","1739397992","Barishal","Jhalokati","Bareilly"
"Manikya Luthra","O+","1788651283","Khulna","Khulna","Pondicherry"
"Zoya Varughese","AB-","1745166127","Sylhet","Habiganj","Arrah"
"Nitara Reddy","O-","1727656070","Rangpur","Kurigram","Karaikudi"
"Rakib","O-","1648876301","Dhaka","Narsingdi","Narsingdi Sadar"
"Rakib","O-","1648876301","Dhaka","Narsingdi","Narsingdi Sadar"
"Rakib","O-","1648876301","Dhaka","Narsingdi","Narsingdi Sadar"
"Rakib","O-","1648876301","Dhaka","Narsingdi","Narsingdi Sadar"
"Rakib","O-","1648876301","Dhaka","Narsingdi","Narsingdi Sadar"
"Rakib","O-","1648876301","Dhaka","Narsingdi","Narsingdi Sadar"
"Alif","A+","1648876301","Nouga","Nouga Sadar","Shenpara"
"Alif","A+","1648876301","Nouga","Nouga Sadar","Shenpara"
"Ripon","A-","1958876043","Tangail","Tangail Sadar","Bengapara"
"Ripon","A-","1958876043","Tangail","Tangail Sadar","Bengapara"
"Rabbi","A-","1648876301","Bhola","Bhola Sadar","Dipapara"
"Rasel","A+","1648876301","Feni","Feni Sadar","Noddapara"
"Saad","A+","1648876301","Dhaka","Narsingdi","Narsingdi Sadar"
